{
  "antiquity_base_growth": 0.0058064,
  "antiquity_lattice_pop_mult": 1.18995755,
  "serial_shock_base_min": 0.25054309,
  "serial_shock_base_range": 0.14819921,
  "serial_trade_rate": 0.00082583,
  "reach_serial_base_mult": 0.98253663,
  "reach_serial_log_coeff": 0.37139218,
  "lattice_serial_base_mult": 1.51633615,
  "lattice_serial_log_coeff": 0.22436441,
  "extraction_base": 0.10482962,
  "extraction_per_year": 1.45e-05,
  "garrison_absorb_base": 0.30298653,
  "reach_colony_surplus": 0.24656927,
  "lattice_garrison_bonus": 0.29553861,
  "lattice_trib_bonus": 0.18408906,
  "reach_ind_tech_mult": 0.12536591,
  "reach_ind_pot_mult": 0.18979236,
  "reach_ind_log_coeff": 0.14630783,
  "reach_ind_tech_growth": 0.858608,
  "lattice_ind_tech_mult": 0.12615978,
  "lattice_ind_pot_mult": 0.2399633,
  "lattice_ind_log_coeff": 0.1670955,
  "lattice_ind_tech_growth": 1.10972004,
  "tech_floor_reach_ind": 7.4795699,
  "tech_floor_lattice_ind": 7.46210064,
  "reach_nuclear_pop_mult": 1.89156591,
  "lattice_nuclear_pop_mult": 1.40467062,
  "nuclear_access_colony": 0.59227914,
  "nuclear_access_garrison": 0.73127922,
  "nuclear_access_independent": 0.34205174,
  "cu_serial_year_bonus": 160.54912955,
  "au_contact_year_bonus": 1883.29135771,
  "pu_nuclear_tech_fraction": 0.19452083
}