{
  "17": {
    "total": 25.576283,
    "components": {
      "geo": 10.0,
      "ag": 0.504613,
      "tech": 0.0,
      "poleco": 15.0,
      "epi": 0.001092,
      "pop": 0.070579
    },
    "details": {
      "geo": {
        "contact_frac": 0.142857,
        "n_indep": 0,
        "reach_frac": 0.833333,
        "l_contact": 36.862245,
        "l_indep": 9.0,
        "l_balance": 0.080278
      },
      "ag": {
        "reach_crop": "nori",
        "lattice_crop": "paddi",
        "yield_ratio": 1.351047,
        "n_distinct_crops": 6,
        "paddi_frac": 0.047619,
        "emmer_frac": 0.0
      },
      "tech": {
        "reach_tech": 10.0,
        "lattice_tech": 9.5,
        "tech_gap": 0.5,
        "indep_techs": []
      },
      "poleco": {
        "df_year": -1400,
        "era_fracs": {
          "sail": 0.047619047619047616,
          "colonial": 0.047619047619047616,
          "industrial": 0.0,
          "nuclear": 0.0,
          "uncontacted": 0.8571428571428571
        },
        "l_df": 144.0,
        "l_era": 0.571372,
        "l_sov": 1.375084,
        "l_trade": 0.049031
      },
      "epi": {
        "mortality_cv": 0.266957
      },
      "pop": {
        "lattice_reach_ratio": 0.682195,
        "pop_gini": 0.794062,
        "mean_colony_sov": 0.551701,
        "lattice_vs_median": 94.142857
      }
    }
  },
  "42": {
    "total": 12.700925,
    "components": {
      "geo": 9.451707,
      "ag": 0.490348,
      "tech": 0.0,
      "poleco": 2.696528,
      "epi": 0.012554,
      "pop": 0.049788
    },
    "details": {
      "geo": {
        "contact_frac": 0.261905,
        "n_indep": 0,
        "reach_frac": 0.727273,
        "l_contact": 23.823696,
        "l_indep": 9.0,
        "l_balance": 0.031426
      },
      "ag": {
        "reach_crop": "nori",
        "lattice_crop": "paddi",
        "yield_ratio": 1.378607,
        "n_distinct_crops": 6,
        "paddi_frac": 0.02381,
        "emmer_frac": 0.0
      },
      "tech": {
        "reach_tech": 10.0,
        "lattice_tech": 9.5,
        "tech_gap": 0.5,
        "indep_techs": []
      },
      "poleco": {
        "df_year": -400,
        "era_fracs": {
          "sail": 0.047619047619047616,
          "colonial": 0.09523809523809523,
          "industrial": 0.07142857142857142,
          "nuclear": 0.0,
          "uncontacted": 0.7380952380952381
        },
        "l_df": 4.0,
        "l_era": 0.414796,
        "l_sov": 1.078626,
        "l_trade": 0.038135
      },
      "epi": {
        "mortality_cv": 0.187956
      },
      "pop": {
        "lattice_reach_ratio": 0.761232,
        "pop_gini": 0.757628,
        "mean_colony_sov": 0.5407,
        "lattice_vs_median": 31.210526
      }
    }
  },
  "97": {
    "total": 25.854253,
    "components": {
      "geo": 10.0,
      "ag": 0.847102,
      "tech": 0.0,
      "poleco": 15.0,
      "epi": 0.002057,
      "pop": 0.005094
    },
    "details": {
      "geo": {
        "contact_frac": 0.142857,
        "n_indep": 0,
        "reach_frac": 0.833333,
        "l_contact": 36.862245,
        "l_indep": 9.0,
        "l_balance": 0.080278
      },
      "ag": {
        "reach_crop": "nori",
        "lattice_crop": "paddi",
        "yield_ratio": 0.998409,
        "n_distinct_crops": 6,
        "paddi_frac": 0.047619,
        "emmer_frac": 0.0
      },
      "tech": {
        "reach_tech": 10.0,
        "lattice_tech": 9.5,
        "tech_gap": 0.5,
        "indep_techs": []
      },
      "poleco": {
        "df_year": -1400,
        "era_fracs": {
          "sail": 0.047619047619047616,
          "colonial": 0.047619047619047616,
          "industrial": 0.0,
          "nuclear": 0.0,
          "uncontacted": 0.8571428571428571
        },
        "l_df": 144.0,
        "l_era": 0.571372,
        "l_sov": 1.369943,
        "l_trade": 0.049031
      },
      "epi": {
        "mortality_cv": 0.254643
      },
      "pop": {
        "lattice_reach_ratio": 2.154639,
        "pop_gini": 0.823152,
        "mean_colony_sov": 0.551038,
        "lattice_vs_median": 121.916667
      }
    }
  },
  "137": {
    "total": 26.331866,
    "components": {
      "geo": 10.0,
      "ag": 1.327921,
      "tech": 0.0,
      "poleco": 15.0,
      "epi": 0.0,
      "pop": 0.003945
    },
    "details": {
      "geo": {
        "contact_frac": 0.047619,
        "n_indep": 0,
        "reach_frac": 0.5,
        "l_contact": 49.3339,
        "l_indep": 9.0,
        "l_balance": 0.0
      },
      "ag": {
        "reach_crop": "papa",
        "lattice_crop": "paddi",
        "yield_ratio": 0.757538,
        "n_distinct_crops": 6,
        "paddi_frac": 0.02381,
        "emmer_frac": 0.0
      },
      "tech": {
        "reach_tech": 10.0,
        "lattice_tech": 9.5,
        "tech_gap": 0.5,
        "indep_techs": []
      },
      "poleco": {
        "df_year": -5000,
        "era_fracs": {
          "sail": 0.0,
          "colonial": 0.0,
          "industrial": 0.0,
          "nuclear": 0.0,
          "uncontacted": 0.9523809523809523
        },
        "l_df": 2304.0,
        "l_era": 0.705839,
        "l_sov": 0.0,
        "l_trade": 0.0
      },
      "epi": {
        "note": "no epi_log and insufficient state data; epi component skipped"
      },
      "pop": {
        "lattice_reach_ratio": 1.985989,
        "pop_gini": 0.825616,
        "mean_colony_sov": null,
        "lattice_vs_median": 141.75
      }
    }
  },
  "256": {
    "total": 25.995922,
    "components": {
      "geo": 10.0,
      "ag": 0.992751,
      "tech": 0.0,
      "poleco": 15.0,
      "epi": 0.0,
      "pop": 0.003171
    },
    "details": {
      "geo": {
        "contact_frac": 0.047619,
        "n_indep": 0,
        "reach_frac": 0.5,
        "l_contact": 49.3339,
        "l_indep": 9.0,
        "l_balance": 0.0
      },
      "ag": {
        "reach_crop": "nori",
        "lattice_crop": "paddi",
        "yield_ratio": 0.907824,
        "n_distinct_crops": 6,
        "paddi_frac": 0.071429,
        "emmer_frac": 0.0
      },
      "tech": {
        "reach_tech": 10.0,
        "lattice_tech": 9.5,
        "tech_gap": 0.5,
        "indep_techs": []
      },
      "poleco": {
        "df_year": -5000,
        "era_fracs": {
          "sail": 0.0,
          "colonial": 0.0,
          "industrial": 0.0,
          "nuclear": 0.0,
          "uncontacted": 0.9523809523809523
        },
        "l_df": 2304.0,
        "l_era": 0.705839,
        "l_sov": 0.0,
        "l_trade": 0.0
      },
      "epi": {
        "note": "no epi_log and insufficient state data; epi component skipped"
      },
      "pop": {
        "lattice_reach_ratio": 2.225243,
        "pop_gini": 0.809757,
        "mean_colony_sov": null,
        "lattice_vs_median": 114.6
      }
    }
  }
}