{
  "civic_expansion_share": 0.35932869,
  "civic_tech_share": 0.48557218,
  "civic_consolidation_share": 0.15509913,
  "subject_expansion_share": 0.25155036,
  "subject_tech_share": 0.4937836,
  "subject_consolidation_share": 0.3,
  "parochial_expansion_share": 0.21841271,
  "parochial_tech_share": 0.338762,
  "A0_civic": 0.98701294,
  "A0_subject": 1.14050304,
  "A0_parochial": 0.62217957,
  "cu_unlock_tech": 3.10197213,
  "au_contact_bonus": 316.0448047,
  "naphtha_richness": 2.98507776,
  "naphtha_depletion": 0.04353133,
  "energy_to_tfp": 1.05315215,
  "pu_dependent_factor": 0.45029828,
  "resource_targeting_weight": 2.14143584,
  "epi_base_severity": 0.41907316,
  "sov_extraction_decay": 0.07955157,
  "df_detection_range": 0.37922514
}