{
  "antiquity_base_growth": 0.00335419,
  "antiquity_lattice_pop_mult": 1.60392328,
  "serial_shock_base_min": 0.3379199,
  "serial_shock_base_range": 0.22397633,
  "serial_trade_rate": 0.00098914,
  "reach_serial_base_mult": 2.17364376,
  "reach_serial_log_coeff": 0.1242889,
  "lattice_serial_base_mult": 1.93943378,
  "lattice_serial_log_coeff": 0.11358252,
  "extraction_base": 0.15746777,
  "extraction_per_year": 0.00015474,
  "garrison_absorb_base": 0.27760524,
  "reach_colony_surplus": 0.12970317,
  "lattice_garrison_bonus": 0.06550123,
  "lattice_trib_bonus": 0.07502168,
  "reach_ind_tech_mult": 0.12619784,
  "reach_ind_pot_mult": 0.04167066,
  "reach_ind_log_coeff": 0.06016281,
  "reach_ind_tech_growth": 1.40389469,
  "lattice_ind_tech_mult": 0.08937573,
  "lattice_ind_pot_mult": 0.16087145,
  "lattice_ind_log_coeff": 0.14271286,
  "lattice_ind_tech_growth": 0.82798337,
  "tech_floor_reach_ind": 6.69524608,
  "tech_floor_lattice_ind": 6.43837933,
  "reach_nuclear_pop_mult": 1.88849032,
  "lattice_nuclear_pop_mult": 1.42875383,
  "nuclear_access_colony": 0.61648979,
  "nuclear_access_garrison": 0.75,
  "nuclear_access_independent": 0.33945971
}