{
  "base_expansion": 0.01519122,
  "outward_expansion_coeff": 0.21975035,
  "individual_expansion_coeff": 0.17758295,
  "base_tech": 0.14388574,
  "outward_tech_coeff": 0.59153674,
  "base_A0": 0.43553992,
  "individual_A0_coeff": 1.29570741,
  "outward_A0_coeff": 0.31934607,
  "culture_drift_rate": 0.02859904,
  "culture_noise_scale": 0.1603236,
  "cu_unlock_tech": 2.01342717,
  "au_contact_bonus": 1393.76998947,
  "naphtha_richness": 1.62429273,
  "naphtha_depletion": 0.01642277,
  "energy_to_tfp": 1.9707,
  "pu_dependent_factor": 0.69281228,
  "resource_targeting_weight": 0.32419607,
  "epi_base_severity": 0.30767278,
  "sov_extraction_decay": 0.08652206,
  "df_detection_range": 0.71758253,
  "df_min_territory_frac": 0.16426008,
  "luxury_markup_rate": 0.49404625,
  "bulk_markup_rate": 0.08728122,
  "maintenance_rate": 0.03959927,
  "decay_rate": 0.09496616,
  "desperation_weight": 0.77933296
}